name,timestamp
rifka,2025-04-19 12:12:38
rifka,2025-04-19 12:12:38
rifka,2025-04-19 12:12:38
karthik,2025-04-19 12:12:38
Student 101,2025-04-19 12:12:38
Student 120,2025-04-19 12:12:38
rifka,2025-04-19 12:12:38
rifka,2025-04-19 12:12:38
rifka,2025-04-19 12:12:39
rifka,2025-04-19 12:12:39
Student 120,2025-04-19 12:12:39
rifka,2025-04-19 12:12:39
rifka,2025-04-19 12:12:39
rifka,2025-04-19 12:12:39
Student 120,2025-04-19 12:12:39
rifka,2025-04-19 12:12:39
rifka,2025-04-19 12:12:39
karthik,2025-04-19 12:12:39
rifka,2025-04-19 12:12:40
rifka,2025-04-19 12:12:40
rifka,2025-04-19 12:12:40
rifka,2025-04-19 12:12:40
karthik,2025-04-19 12:12:40
karthik,2025-04-19 12:12:40
karthik,2025-04-19 12:12:40
karthik,2025-04-19 12:12:40
karthik,2025-04-19 12:12:40
rifka,2025-04-19 12:12:40
karthik,2025-04-19 12:12:41
karthik,2025-04-19 12:12:41
karthik,2025-04-19 12:12:41
rifka,2025-04-19 12:12:41
Student 120,2025-04-19 12:12:41
rifka,2025-04-19 12:12:41
Student 120,2025-04-19 12:12:41
rifka,2025-04-19 12:12:41
karthik,2025-04-19 12:12:41
Student 120,2025-04-19 12:12:41
karthik,2025-04-19 12:12:42
karthik,2025-04-19 12:12:42
karthik,2025-04-19 12:12:42
Student 120,2025-04-19 12:12:42
rifka,2025-04-19 12:12:42
Student 120,2025-04-19 12:12:42
Student 120,2025-04-19 12:12:42
rifka,2025-04-19 12:12:42
Student 120,2025-04-19 12:12:42
Student 120,2025-04-19 12:12:43
Student 120,2025-04-19 12:12:43
Student 120,2025-04-19 12:12:43
Student 120,2025-04-19 12:12:43
Student 120,2025-04-19 12:12:43
Student 120,2025-04-19 12:12:43
karthik,2025-04-19 12:12:43
karthik,2025-04-19 12:12:43
Student 120,2025-04-19 12:12:43
Student 120,2025-04-19 12:12:43
Student 120,2025-04-19 12:12:44
karthik,2025-04-19 12:12:44
Student 120,2025-04-19 12:12:44
Student 120,2025-04-19 12:12:44
Student 120,2025-04-19 12:12:44
karthik,2025-04-19 12:12:44
Student 120,2025-04-19 12:12:44
karthik,2025-04-19 12:12:44
Student 120,2025-04-19 12:12:44
Student 120,2025-04-19 12:12:44
rifka,2025-04-19 12:12:44
Student 120,2025-04-19 12:12:45
Student 120,2025-04-19 12:12:45
Student 120,2025-04-19 12:12:45
Student 120,2025-04-19 12:12:45
karthik,2025-04-19 12:12:45
Student 120,2025-04-19 12:12:45
karthik,2025-04-19 12:12:45
karthik,2025-04-19 12:12:45
Student 101,2025-04-19 12:12:45
Student 101,2025-04-19 12:12:46
Student 120,2025-04-19 12:12:46
karthik,2025-04-19 12:12:46
Student 120,2025-04-19 12:12:46
Student 120,2025-04-19 12:12:46
Student 120,2025-04-19 12:12:46
karthik,2025-04-19 12:12:46
karthik,2025-04-19 12:12:46
Student 101,2025-04-19 12:12:46
karthik,2025-04-19 12:12:46
karthik,2025-04-19 12:12:47
Student 101,2025-04-19 12:12:47
Student 101,2025-04-19 12:12:47
Student 120,2025-04-19 12:12:47
Student 120,2025-04-19 12:12:47
Student 101,2025-04-19 12:12:47
Student 101,2025-04-19 12:12:47
Student 101,2025-04-19 12:12:48
Student 101,2025-04-19 12:12:48
Student 101,2025-04-19 12:12:48
Student 101,2025-04-19 12:12:48
Student 101,2025-04-19 12:12:48
Student 101,2025-04-19 12:12:48
Student 101,2025-04-19 12:12:48
Student 101,2025-04-19 12:12:49
Student 101,2025-04-19 12:12:49
Student 101,2025-04-19 12:12:49
Student 101,2025-04-19 12:12:49
Student 101,2025-04-19 12:12:49
Student 101,2025-04-19 12:12:49
Student 101,2025-04-19 12:12:50
Student 101,2025-04-19 12:12:50
Student 101,2025-04-19 12:12:50
Student 101,2025-04-19 12:12:50
Student 101,2025-04-19 12:12:50
Student 101,2025-04-19 12:12:50
Student 101,2025-04-19 12:12:50
Student 101,2025-04-19 12:12:50
Student 101,2025-04-19 12:12:50
Student 101,2025-04-19 12:12:51
Student 101,2025-04-19 12:12:51
Student 101,2025-04-19 12:12:51
Student 120,2025-04-19 12:12:51
Student 120,2025-04-19 12:12:51
Student 101,2025-04-19 12:12:51
Student 101,2025-04-19 12:12:51
Student 120,2025-04-19 12:12:51
Student 101,2025-04-19 12:12:51
Student 101,2025-04-19 12:12:52
Student 101,2025-04-19 12:12:52
Student 101,2025-04-19 12:12:52
Student 101,2025-04-19 12:12:52
Student 101,2025-04-19 12:12:52
Student 101,2025-04-19 12:12:52
Student 101,2025-04-19 12:12:52
Student 101,2025-04-19 12:12:52
Student 101,2025-04-19 12:12:52
Student 120,2025-04-19 12:12:52
Student 101,2025-04-19 12:12:52
Student 101,2025-04-19 12:12:53
Student 101,2025-04-19 12:12:54
Student 101,2025-04-19 12:12:54
rifka,2025-04-19 12:12:54
rifka,2025-04-19 12:12:54
rifka,2025-04-19 12:12:54
rifka,2025-04-19 12:12:54
Student 101,2025-04-19 12:12:54
Student 101,2025-04-19 12:12:54
Student 120,2025-04-19 12:12:55
Student 101,2025-04-19 12:12:55
Student 101,2025-04-19 12:12:55
Student 120,2025-04-19 12:12:55
Student 120,2025-04-19 12:12:55
Student 120,2025-04-19 12:12:55
Student 120,2025-04-19 12:12:55
Student 120,2025-04-19 12:12:55
Student 120,2025-04-19 12:13:01
Student 120,2025-04-19 12:13:01
Student 101,2025-04-19 12:13:01
Student 120,2025-04-19 12:13:01
Student 120,2025-04-19 12:13:01
Student 120,2025-04-19 12:13:01
Student 120,2025-04-19 12:13:01
Student 120,2025-04-19 12:13:01
Student 120,2025-04-19 12:13:01
rifka,2025-04-19 12:13:01
rifka,2025-04-19 12:13:01
Student 120,2025-04-19 12:13:02
Student 120,2025-04-19 12:13:02
Student 101,2025-04-19 12:13:02
Student 120,2025-04-19 12:13:02
Student 101,2025-04-19 12:13:02
Student 101,2025-04-19 12:13:02
Student 101,2025-04-19 12:13:02
Student 101,2025-04-19 12:13:02
Student 101,2025-04-19 12:13:02
Student 101,2025-04-19 12:13:02
Student 120,2025-04-19 12:13:03
Student 120,2025-04-19 12:13:03
Student 120,2025-04-19 12:13:03
Student 120,2025-04-19 12:13:03
Student 120,2025-04-19 12:13:03
Student 101,2025-04-19 12:13:03
Student 101,2025-04-19 12:13:03
Student 120,2025-04-19 12:13:03
Student 120,2025-04-19 12:13:03
Student 101,2025-04-19 12:13:03
Student 101,2025-04-19 12:13:04
Student 101,2025-04-19 12:13:04
Student 101,2025-04-19 12:13:04
Student 101,2025-04-19 12:13:04
Student 101,2025-04-19 12:13:04
Student 101,2025-04-19 12:13:04
Student 101,2025-04-19 12:13:04
Student 101,2025-04-19 12:13:04
Student 101,2025-04-19 12:13:04
rifka,2025-04-19 12:13:04
Student 101,2025-04-19 12:13:05
Student 101,2025-04-19 12:13:05
Student 101,2025-04-19 12:13:06
Student 101,2025-04-19 12:13:06
Student 101,2025-04-19 12:13:06
Student 101,2025-04-19 12:13:06
Student 101,2025-04-19 12:13:06
Student 101,2025-04-19 12:13:06
Student 101,2025-04-19 12:13:06
Student 101,2025-04-19 12:13:06
Student 101,2025-04-19 12:13:06
Student 101,2025-04-19 12:13:06
Student 101,2025-04-19 12:13:07
Student 101,2025-04-19 12:13:07
Student 101,2025-04-19 12:13:07
Student 101,2025-04-19 12:13:07
Student 101,2025-04-19 12:13:07
Student 101,2025-04-19 12:13:07
Student 101,2025-04-19 12:13:07
Student 101,2025-04-19 12:13:07
Student 101,2025-04-19 12:13:07
Student 101,2025-04-19 12:13:08
Student 101,2025-04-19 12:13:08
Student 101,2025-04-19 12:13:08
Student 101,2025-04-19 12:13:08
Student 101,2025-04-19 12:13:08
Student 101,2025-04-19 12:13:08
Student 101,2025-04-19 12:13:08
Student 101,2025-04-19 12:13:09
Student 101,2025-04-19 12:13:09
Student 101,2025-04-19 12:13:10
Student 101,2025-04-19 12:13:10
Student 101,2025-04-19 12:13:10
Student 101,2025-04-19 12:13:10
Student 120,2025-04-19 12:13:10
Student 120,2025-04-19 12:13:10
Student 120,2025-04-19 12:13:10
Student 101,2025-04-19 12:13:11
Student 120,2025-04-19 12:13:11
Student 101,2025-04-19 12:13:11
Student 101,2025-04-19 12:13:11
Student 120,2025-04-19 12:13:12
Student 101,2025-04-19 12:13:12
Student 101,2025-04-19 12:13:12
Student 101,2025-04-19 12:13:12
Student 120,2025-04-19 12:13:12
Student 101,2025-04-19 12:13:12
Student 101,2025-04-19 12:13:12
Student 101,2025-04-19 12:13:12
Student 101,2025-04-19 12:13:12
Student 101,2025-04-19 12:13:12
Student 101,2025-04-19 12:13:13
Student 101,2025-04-19 12:13:13
Student 120,2025-04-19 12:13:13
Student 120,2025-04-19 12:13:13
Student 120,2025-04-19 12:13:13
Student 101,2025-04-19 12:13:13
Student 101,2025-04-19 12:13:14
Student 120,2025-04-19 12:13:14
Student 120,2025-04-19 12:13:14
Student 101,2025-04-19 12:13:16
Student 120,2025-04-19 12:13:16
Student 120,2025-04-19 12:13:17
Student 120,2025-04-19 12:13:18
Student 101,2025-04-19 12:13:18
Student 101,2025-04-19 12:13:20
Student 101,2025-04-19 12:13:20
Student 101,2025-04-19 12:13:21
Student 101,2025-04-19 12:13:21
Student 101,2025-04-19 12:13:21
Student 101,2025-04-19 12:13:22
Student 101,2025-04-19 12:13:22
Student 101,2025-04-19 12:13:23
Student 101,2025-04-19 12:13:23
Student 101,2025-04-19 12:13:24
Student 101,2025-04-19 12:13:24
Student 101,2025-04-19 12:13:24
Student 101,2025-04-19 12:13:24
Student 101,2025-04-19 12:13:25
Student 101,2025-04-19 12:13:26
Student 101,2025-04-19 12:13:30
Student 101,2025-04-19 12:13:30
Student 101,2025-04-19 12:13:30
Student 101,2025-04-19 12:13:31
Student 101,2025-04-19 12:13:41
Student 101,2025-04-19 12:13:41
Student 101,2025-04-19 12:13:42
Student 101,2025-04-19 12:13:43
Student 101,2025-04-19 12:13:43
Student 101,2025-04-19 12:13:44
Student 101,2025-04-19 12:13:44
Student 101,2025-04-19 12:13:44
Student 101,2025-04-19 12:13:45
Student 101,2025-04-19 12:13:45
Student 101,2025-04-19 12:13:45
Student 101,2025-04-19 12:13:45
Student 101,2025-04-19 12:13:45
Student 101,2025-04-19 12:13:45
Student 101,2025-04-19 12:13:45
Student 101,2025-04-19 12:13:46
Student 101,2025-04-19 12:13:46
Student 101,2025-04-19 12:13:46
Student 101,2025-04-19 12:13:46
Student 101,2025-04-19 12:13:47
Student 101,2025-04-19 12:13:47
Student 101,2025-04-19 12:13:48
Student 101,2025-04-19 12:13:50
Student 101,2025-04-19 12:13:51
Student 101,2025-04-19 12:13:51
Student 101,2025-04-19 12:13:51
Student 101,2025-04-19 12:13:51
Student 101,2025-04-19 12:13:53
Student 101,2025-04-19 12:13:53
Student 101,2025-04-19 12:13:53
Student 101,2025-04-19 12:13:54
Student 101,2025-04-19 12:13:55
Student 101,2025-04-19 12:13:55
Student 101,2025-04-19 12:13:55
Student 101,2025-04-19 12:14:23
